{
  "created_at_utc": "2026-07-01T09:27:03.155152+00:00",
  "status": "completed",
  "condition": "ppr32",
  "condition_dir": "data\\ablation\\mechanism_20260701_paper_ablation\\02_ppr32",
  "summary_path": "data\\ablation\\mechanism_20260701_paper_ablation\\02_ppr32\\condition_summary.json",
  "initial_design": "ppr32",
  "acquisition": "registered_existing",
  "training_points": 32,
  "design_path": "data\\ablation\\mechanism_20260701_paper_ablation\\02_ppr32\\ppr32_design.npz",
  "source_summary": "data\\runs\\z2_cdm_logdiff_20260628T084451Z\\z2_cdm_logdiff_fair_comparison_summary.json",
  "target_kind": "cdm_logdiff",
  "theta_digest": "ef75e6070ce3bec72d45ce6817c1264c6d7c380f009bcd5be7c6624cdf95cf41",
  "overall_p50": 0.01201489566156072,
  "overall_p68": 0.021250639332790127,
  "overall_p90": NaN,
  "overall_p95": 0.11560113464360788,
  "overall_p98": NaN,
  "overall_mean": 0.03091236735892126,
  "overall_max": 0.3980336152377264,
  "band_p68": {
    "low": 0.02194037767415314,
    "mid": 0.01938625985947777,
    "focus_high": 0.023229230448036806,
    "tail": 0.021062944942368284,
    "all": 0.021250639332790127
  },
  "emulator": {
    "emulator_kind": "pca_gp_cdm_logdiff",
    "target_kind": "cdm_logdiff",
    "training_points": 32,
    "k_count": 475,
    "pca_components": 16,
    "gp_alpha": 1e-08
  },
  "metrics": {
    "target_kind": "cdm_logdiff",
    "overall_relative_error": {
      "mean": 0.03091236735892126,
      "p50": 0.01201489566156072,
      "p68": 0.021250639332790127,
      "p95": 0.11560113464360788,
      "max": 0.3980336152377264
    },
    "overall_log_error": {
      "mean": 0.03028829831197767,
      "p50": 0.012053103726593052,
      "p68": 0.021394848396365594,
      "p95": 0.12006069534464599,
      "max": 0.3350666887569616
    },
    "bands": {
      "low": {
        "bin_count": 9,
        "relative_error": {
          "mean": 0.02598155545203301,
          "p50": 0.012884630038949574,
          "p68": 0.02194037767415314,
          "p95": 0.08809256102357249,
          "max": 0.33108546462213506
        },
        "log_error": {
          "mean": 0.025617119635888683,
          "p50": 0.012905977182485286,
          "p68": 0.022010123583372877,
          "p95": 0.08880398754923384,
          "max": 0.2859947481871106
        }
      },
      "mid": {
        "bin_count": 69,
        "relative_error": {
          "mean": 0.028800548924639853,
          "p50": 0.011353335346629356,
          "p68": 0.01938625985947777,
          "p95": 0.10984318809460997,
          "max": 0.3959578606847154
        },
        "log_error": {
          "mean": 0.028158273684459202,
          "p50": 0.01135549685203909,
          "p68": 0.01942582150923402,
          "p95": 0.11010812654739967,
          "max": 0.33358081812864704
        }
      },
      "focus_high": {
        "bin_count": 79,
        "relative_error": {
          "mean": 0.03385626109918666,
          "p50": 0.012906153116077845,
          "p68": 0.023229230448036806,
          "p95": 0.12543584526327087,
          "max": 0.3980336152377264
        },
        "log_error": {
          "mean": 0.033121008442851194,
          "p50": 0.012931939506792584,
          "p68": 0.023485841591055805,
          "p95": 0.13166211751764614,
          "max": 0.3350666887569616
        }
      },
      "tail": {
        "bin_count": 318,
        "relative_error": {
          "mean": 0.03077879872258933,
          "p50": 0.011961259768329013,
          "p68": 0.021062944942368284,
          "p95": 0.11515715981762745,
          "max": 0.39427099094660845
        },
        "log_error": {
          "mean": 0.030178953051111537,
          "p50": 0.011995433693644648,
          "p68": 0.02118427642470732,
          "p95": 0.12007867283800017,
          "max": 0.3323716915420334
        }
      },
      "all": {
        "bin_count": 475,
        "relative_error": {
          "mean": 0.03091236735892126,
          "p50": 0.01201489566156072,
          "p68": 0.021250639332790127,
          "p95": 0.11560113464360788,
          "max": 0.3980336152377264
        },
        "log_error": {
          "mean": 0.03028829831197767,
          "p50": 0.012053103726593052,
          "p68": 0.021394848396365594,
          "p95": 0.12006069534464599,
          "max": 0.3350666887569616
        }
      }
    },