{
  "created_at_utc": "2026-07-01T09:28:13.223547+00:00",
  "status": "completed",
  "condition": "ppr32_plus_variance_bias_al32",
  "condition_dir": "data\\ablation\\mechanism_20260701_paper_ablation\\07_ppr32_plus_variance_bias_al32",
  "summary_path": "data\\ablation\\mechanism_20260701_paper_ablation\\07_ppr32_plus_variance_bias_al32\\condition_summary.json",
  "initial_design": "ppr32",
  "acquisition": "registered_existing",
  "training_points": 64,
  "design_path": "data\\ablation\\mechanism_20260701_paper_ablation\\07_ppr32_plus_variance_bias_al32\\ppr32_plus_variance_bias_al32_design.npz",
  "source_summary": "data\\runs\\z2_cdm_logdiff_20260628T084451Z\\z2_cdm_logdiff_fair_comparison_summary.json",
  "target_kind": "cdm_logdiff",
  "theta_digest": "c46b552ecc8135e1fb6fa239778977e58f8c4e2ccc39efd56113f33d8ae05e60",
  "overall_p50": 0.007713536940936128,
  "overall_p68": 0.014901304004758833,
  "overall_p90": NaN,
  "overall_p95": 0.06837310924564859,
  "overall_p98": NaN,
  "overall_mean": 0.017369379403758423,
  "overall_max": 0.2296003740919692,
  "band_p68": {
    "low": 0.013245675604621858,
    "mid": 0.014877892166619234,
    "focus_high": 0.016971761551105947,
    "tail": 0.014622220716634713,
    "all": 0.014901304004758833
  },
  "emulator": {
    "emulator_kind": "pca_gp_cdm_logdiff",
    "target_kind": "cdm_logdiff",
    "training_points": 64,
    "k_count": 475,
    "pca_components": 16,
    "gp_alpha": 1e-08
  },
  "metrics": {
    "target_kind": "cdm_logdiff",
    "overall_relative_error": {
      "mean": 0.017369379403758423,
      "p50": 0.007713536940936128,
      "p68": 0.014901304004758833,
      "p95": 0.06837310924564859,
      "max": 0.2296003740919692
    },
    "overall_log_error": {
      "mean": 0.017403705716989397,
      "p50": 0.007723976294812956,
      "p68": 0.014918296893570847,
      "p95": 0.0674757688296934,
      "max": 0.26084590407981534
    },
    "bands": {
      "low": {
        "bin_count": 9,
        "relative_error": {
          "mean": 0.014451615956948395,
          "p50": 0.007323477571265391,
          "p68": 0.013245675604621858,
          "p95": 0.05202154799185434,
          "max": 0.13901046140212303
        },
        "log_error": {
          "mean": 0.014432947665239282,
          "p50": 0.007297773256580826,
          "p68": 0.013247671053642832,
          "p95": 0.05223991733215443,
          "max": 0.14896871125995886
        }
      },
      "mid": {
        "bin_count": 69,
        "relative_error": {
          "mean": 0.017007038651946436,
          "p50": 0.007617711969079344,
          "p68": 0.014877892166619234,
          "p95": 0.06486378706414664,
          "max": 0.2022395822773373
        },
        "log_error": {
          "mean": 0.0169559628148306,
          "p50": 0.007627043278894782,
          "p68": 0.014900578096939699,
          "p95": 0.06496544042190444,
          "max": 0.2167968639218937
        }
      },
      "focus_high": {
        "bin_count": 79,
        "relative_error": {
          "mean": 0.019361426484353864,
          "p50": 0.008541768257260274,
          "p68": 0.016971761551105947,
          "p95": 0.07633868961852387,
          "max": 0.22622050437206176
        },
        "log_error": {
          "mean": 0.019385946964399766,
          "p50": 0.008524164261806785,
          "p68": 0.017026428133062946,
          "p95": 0.0743691786824369,
          "max": 0.25646833535068425
        }
      },
      "tail": {
        "bin_count": 318,
        "relative_error": {
          "mean": 0.017035699100391374,
          "p50": 0.00746115405661385,
          "p68": 0.014622220716634713,
          "p95": 0.0679409974106982,
          "max": 0.2296003740919692
        },
        "log_error": {
          "mean": 0.017092491956515462,
          "p50": 0.007461645960742436,
          "p68": 0.014683098297491226,
          "p95": 0.06720424981586093,
          "max": 0.26084590407981534
        }
      },
      "all": {
        "bin_count": 475,
        "relative_error": {
          "mean": 0.017369379403758423,
          "p50": 0.007713536940936128,
          "p68": 0.014901304004758833,
          "p95": 0.06837310924564859,
          "max": 0.2296003740919692
        },
        "log_error": {
          "mean": 0.017403705716989397,
          "p50": 0.007723976294812956,
          "p68": 0.014918296893570847,
          "p95": 0.0674757688296934,
          "max": 0.26084590407981534
        }
      }
    },