{
  "created_at_utc": "2026-07-01T09:27:49.674588+00:00",
  "status": "completed",
  "condition": "ppr32_plus_sobol32",
  "condition_dir": "data\\ablation\\mechanism_20260701_paper_ablation\\04_ppr32_plus_sobol32",
  "summary_path": "data\\ablation\\mechanism_20260701_paper_ablation\\04_ppr32_plus_sobol32\\condition_summary.json",
  "initial_design": "ppr32",
  "acquisition": "registered_existing",
  "training_points": 64,
  "design_path": "data\\ablation\\mechanism_20260701_paper_ablation\\04_ppr32_plus_sobol32\\ppr32_plus_sobol32_design.npz",
  "source_summary": "data\\runs\\z2_cdm_logdiff_20260628T084451Z\\z2_cdm_logdiff_fair_comparison_summary.json",
  "target_kind": "cdm_logdiff",
  "theta_digest": "5387419e9d2de6ff984f650c8256a6dd0ea31e002e66a561eeb7ba878fa97b1a",
  "overall_p50": 0.012087485992689773,
  "overall_p68": 0.01912766574992559,
  "overall_p90": NaN,
  "overall_p95": 0.06208471350251177,
  "overall_p98": NaN,
  "overall_mean": 0.02011101429173383,
  "overall_max": 0.23069939540291973,
  "band_p68": {
    "low": 0.016495849569893122,
    "mid": 0.018500948003286607,
    "focus_high": 0.021844409809676134,
    "tail": 0.018600743689687654,
    "all": 0.01912766574992559
  },
  "emulator": {
    "emulator_kind": "pca_gp_cdm_logdiff",
    "target_kind": "cdm_logdiff",
    "training_points": 64,
    "k_count": 475,
    "pca_components": 16,
    "gp_alpha": 1e-08
  },
  "metrics": {
    "target_kind": "cdm_logdiff",
    "overall_relative_error": {
      "mean": 0.02011101429173383,
      "p50": 0.012087485992689773,
      "p68": 0.01912766574992559,
      "p95": 0.06208471350251177,
      "max": 0.23069939540291973
    },
    "overall_log_error": {
      "mean": 0.020423575194419286,
      "p50": 0.012118436711650794,
      "p68": 0.01916817528445294,
      "p95": 0.06263445661538403,
      "max": 0.26227348261208405
    },
    "bands": {
      "low": {
        "bin_count": 9,
        "relative_error": {
          "mean": 0.016744453500995165,
          "p50": 0.009845274908124813,
          "p68": 0.016495849569893122,
          "p95": 0.052869850970110925,
          "max": 0.13062813347145208
        },
        "log_error": {
          "mean": 0.016894559282978807,
          "p50": 0.009855900670902695,
          "p68": 0.016482226950080076,
          "p95": 0.05366250546697228,
          "max": 0.13998432059153137
        }
      },
      "mid": {
        "bin_count": 69,
        "relative_error": {
          "mean": 0.01945825587295744,
          "p50": 0.011697088764883568,
          "p68": 0.018500948003286607,
          "p95": 0.06136274353510483,
          "max": 0.1945947415986392
        },
        "log_error": {
          "mean": 0.019687247479944818,
          "p50": 0.011692455787362176,
          "p68": 0.018486220883620928,
          "p95": 0.0622952735759747,
          "max": 0.21640970165468273
        }
      },
      "focus_high": {
        "bin_count": 79,
        "relative_error": {
          "mean": 0.022802817938365205,
          "p50": 0.013629841062903048,
          "p68": 0.021844409809676134,
          "p95": 0.06916154336818743,
          "max": 0.22712918966345252
        },
        "log_error": {
          "mean": 0.023161879788657965,
          "p50": 0.01367223724717341,
          "p68": 0.02175014317364494,
          "p95": 0.07033653692267014,
          "max": 0.25764337199916154
        }
      },
      "tail": {
        "bin_count": 318,
        "relative_error": {
          "mean": 0.019679212058804085,
          "p50": 0.011862974933695258,
          "p68": 0.018600743689687654,
          "p95": 0.05933388404060966,
          "max": 0.23069939540291973
        },
        "log_error": {
          "mean": 0.02000295158610748,
          "p50": 0.011863539063551629,
          "p68": 0.018641057777356262,
          "p95": 0.059525406002648704,
          "max": 0.26227348261208405
        }
      },
      "all": {
        "bin_count": 475,
        "relative_error": {
          "mean": 0.02011101429173383,
          "p50": 0.012087485992689773,
          "p68": 0.01912766574992559,
          "p95": 0.06208471350251177,
          "max": 0.23069939540291973
        },
        "log_error": {
          "mean": 0.020423575194419286,
          "p50": 0.012118436711650794,
          "p68": 0.01916817528445294,
          "p95": 0.06263445661538403,
          "max": 0.26227348261208405
        }
      }
    },