{
  "created_at_utc": "2026-07-01T09:26:33.974759+00:00",
  "status": "completed",
  "condition": "sobol32",
  "condition_dir": "data\\ablation\\mechanism_20260701_paper_ablation\\01_sobol32",
  "summary_path": "data\\ablation\\mechanism_20260701_paper_ablation\\01_sobol32\\condition_summary.json",
  "initial_design": "sobol32",
  "acquisition": "fixed_sobol_first32",
  "training_points": 32,
  "design_path": "data\\ablation\\mechanism_20260701_paper_ablation\\01_sobol32\\sobol32_design.npz",
  "source_summary": null,
  "target_kind": "cdm_logdiff",
  "theta_digest": "50d5b3eb835e5a15aabfecb81c4d0a2e6017debb6a118642fa38c662065e76ad",
  "overall_p50": 0.013133791728229094,
  "overall_p68": 0.022608829300629962,
  "overall_p90": NaN,
  "overall_p95": 0.14298847601895837,
  "overall_p98": NaN,
  "overall_mean": 0.030425874793560456,
  "overall_max": 0.3426566784772642,
  "band_p68": {
    "low": 0.01992612077322772,
    "mid": 0.021918546782209836,
    "focus_high": 0.02554235045127429,
    "tail": 0.022266126540330097,
    "all": 0.022608829300629962
  },
  "emulator": {
    "emulator_kind": "pca_gp_cdm_logdiff",
    "target_kind": "cdm_logdiff",
    "training_points": 32,
    "k_count": 475,
    "pca_components": 16,
    "gp_alpha": 1e-08
  },
  "metrics": {
    "target_kind": "cdm_logdiff",
    "overall_relative_error": {
      "mean": 0.030425874793560456,
      "p50": 0.013133791728229094,
      "p68": 0.022608829300629962,
      "p95": 0.14298847601895837,
      "max": 0.3426566784772642
    },
    "overall_log_error": {
      "mean": 0.030017666943486145,
      "p50": 0.013115937991807358,
      "p68": 0.02262798942186829,
      "p95": 0.13502038113968398,
      "max": 0.2946502470919644
    },
    "bands": {
      "low": {
        "bin_count": 9,
        "relative_error": {
          "mean": 0.023583786448432516,
          "p50": 0.012150331424139404,
          "p68": 0.01992612077322772,
          "p95": 0.09271388261629021,
          "max": 0.2427586154831498
        },
        "log_error": {
          "mean": 0.023380439136561803,
          "p50": 0.012171598033342465,
          "p68": 0.020049707637922267,
          "p95": 0.09150866576605397,
          "max": 0.2173335985641888
        }
      },
      "mid": {
        "bin_count": 69,
        "relative_error": {
          "mean": 0.02856023482213051,
          "p50": 0.013054156360310487,
          "p68": 0.021918546782209836,
          "p95": 0.12012948598493885,
          "max": 0.3382275306658953
        },
        "log_error": {
          "mean": 0.028154636514396633,
          "p50": 0.013036587374632539,
          "p68": 0.02196855558910252,
          "p95": 0.12133301582283844,
          "max": 0.29134600006326633
        }
      },
      "focus_high": {
        "bin_count": 79,
        "relative_error": {
          "mean": 0.03254213975639815,
          "p50": 0.014461383477002099,
          "p68": 0.02554235045127429,
          "p95": 0.14939604952425825,
          "max": 0.3426566784772642
        },
        "log_error": {
          "mean": 0.032064883975012747,
          "p50": 0.014454879294416828,
          "p68": 0.025547610148130565,
          "p95": 0.1410305927623575,
          "max": 0.2946502470919644
        }
      },
      "tail": {
        "bin_count": 318,
        "relative_error": {
          "mean": 0.030498588696298318,
          "p50": 0.012896990116093798,
          "p68": 0.022266126540330097,
          "p95": 0.1456040538687412,
          "max": 0.33075649989064804
        },
        "log_error": {
          "mean": 0.03010117010191034,
          "p50": 0.012884648539144178,
          "p68": 0.02218201961054964,
          "p95": 0.13600049853598717,
          "max": 0.2857475774402763
        }
      },
      "all": {
        "bin_count": 475,
        "relative_error": {
          "mean": 0.030425874793560456,
          "p50": 0.013133791728229094,
          "p68": 0.022608829300629962,
          "p95": 0.14298847601895837,
          "max": 0.3426566784772642
        },
        "log_error": {
          "mean": 0.030017666943486145,
          "p50": 0.013115937991807358,
          "p68": 0.02262798942186829,
          "p95": 0.13502038113968398,
          "max": 0.2946502470919644
        }
      }
    },