{
  "created_at_utc": "2026-07-01T09:27:26.011775+00:00",
  "status": "completed",
  "condition": "sobol64",
  "condition_dir": "data\\ablation\\mechanism_20260701_paper_ablation\\03_sobol64",
  "summary_path": "data\\ablation\\mechanism_20260701_paper_ablation\\03_sobol64\\condition_summary.json",
  "initial_design": "sobol64",
  "acquisition": "registered_existing",
  "training_points": 64,
  "design_path": "data\\ablation\\mechanism_20260701_paper_ablation\\03_sobol64\\sobol64_design.npz",
  "source_summary": "data\\runs\\z2_cdm_logdiff_20260628T084451Z\\z2_cdm_logdiff_fair_comparison_summary.json",
  "target_kind": "cdm_logdiff",
  "theta_digest": "9b6eb13ab5658e9e76e194ba7027fd5d75ec52675e4bb62a306a84b3918785c8",
  "overall_p50": 0.010278323986131266,
  "overall_p68": 0.019040150781028685,
  "overall_p90": NaN,
  "overall_p95": 0.074203024283548,
  "overall_p98": NaN,
  "overall_mean": 0.020565556945879714,
  "overall_max": 0.21173650769539698,
  "band_p68": {
    "low": 0.01327879737191438,
    "mid": 0.01724424043661781,
    "focus_high": 0.021698432281408577,
    "tail": 0.019130728810037124,
    "all": 0.019040150781028685
  },
  "emulator": {
    "emulator_kind": "pca_gp_cdm_logdiff",
    "target_kind": "cdm_logdiff",
    "training_points": 64,
    "k_count": 475,
    "pca_components": 16,
    "gp_alpha": 1e-08
  },
  "metrics": {
    "target_kind": "cdm_logdiff",
    "overall_relative_error": {
      "mean": 0.020565556945879714,
      "p50": 0.010278323986131266,
      "p68": 0.019040150781028685,
      "p95": 0.074203024283548,
      "max": 0.21173650769539698
    },
    "overall_log_error": {
      "mean": 0.02065612002451327,
      "p50": 0.010271240666937895,
      "p68": 0.01898234062493537,
      "p95": 0.07464005371258128,
      "max": 0.2242260860058194
    },
    "bands": {
      "low": {
        "bin_count": 9,
        "relative_error": {
          "mean": 0.014895494675111982,
          "p50": 0.007628097534543077,
          "p68": 0.01327879737191438,
          "p95": 0.05772204753642004,
          "max": 0.14949655435654918
        },
        "log_error": {
          "mean": 0.01491446665852932,
          "p50": 0.0076121305338821554,
          "p68": 0.013255777054746705,
          "p95": 0.05945500982825279,
          "max": 0.13932406770164293
        }
      },
      "mid": {
        "bin_count": 69,
        "relative_error": {
          "mean": 0.01931970178917712,
          "p50": 0.00970281328735656,
          "p68": 0.01724424043661781,
          "p95": 0.07210963252839218,
          "max": 0.2097975761978086
        },
        "log_error": {
          "mean": 0.01934250668770773,
          "p50": 0.009693073824350614,
          "p68": 0.017211521557505896,
          "p95": 0.0723178889570084,
          "max": 0.19045305321521022
        }
      },
      "focus_high": {
        "bin_count": 79,
        "relative_error": {
          "mean": 0.022471324228063222,
          "p50": 0.01127129711271524,
          "p68": 0.021698432281408577,
          "p95": 0.08916582456048246,
          "max": 0.21173650769539698
        },
        "log_error": {
          "mean": 0.022548322425520472,
          "p50": 0.011237440847421376,
          "p68": 0.021489772188014473,
          "p95": 0.08880213810336793,
          "max": 0.21963598880087876
        }
      },
      "tail": {
        "bin_count": 318,
        "relative_error": {
          "mean": 0.02052291213756806,
          "p50": 0.010307535670368573,
          "p68": 0.019130728810037124,
          "p95": 0.07343306025975989,
          "max": 0.20281503017994518
        },
        "log_error": {
          "mean": 0.02063357351776443,
          "p50": 0.01030215381255217,
          "p68": 0.019139811649323248,
          "p95": 0.07451348927001673,
          "max": 0.2242260860058194
        }
      },
      "all": {
        "bin_count": 475,
        "relative_error": {
          "mean": 0.020565556945879714,
          "p50": 0.010278323986131266,
          "p68": 0.019040150781028685,
          "p95": 0.074203024283548,
          "max": 0.21173650769539698
        },
        "log_error": {
          "mean": 0.02065612002451327,
          "p50": 0.010271240666937895,
          "p68": 0.01898234062493537,
          "p95": 0.07464005371258128,
          "max": 0.2242260860058194
        }
      }
    },