{
  "tau_lambda": 0.16,
  "h_min": 0.3903509184060011,
  "h_max": 0.5265704600502662,
  "kappa_max": 24.573921112709805,
  "boundary_min": 0.02
}